"DESCRIPTION","DURATION IN MS","NAME","PARENT SUITE","START TIME","STATUS","STOP TIME","SUB SUITE","SUITE","TEST CLASS","TEST METHOD"
"","11681","Validate Products Details for Fancy Green Top","webkit","2026-09-25","passed","2026-09-25","","AutomationExerciseWebsite\uiTests\product-catalog.spec.ts","",""
"","18417","Full-Order-Cycle Validation","chromium","2026-09-25","passed","2026-09-25","","AutomationExerciseWebsite\uiTests\Full-order-cycle.spec.ts","",""
"","10135","Invalid Login","webkit","2026-09-25","passed","2026-09-25","","AutomationExerciseWebsite\uiTests\authentication.spec.ts","",""
"","7138","should submit the subscription successfully","webkit","2026-09-25","passed","2026-09-25","","AutomationExerciseWebsite\uiTests\communications.spec.ts","",""
"","10496","Validate submitting a review on product","webkit","2026-09-25","passed","2026-09-25","","AutomationExerciseWebsite\uiTests\product-catalog.spec.ts","",""
"","6131","should return no products for an unknown search","chromium","2026-09-25","passed","2026-09-25","","AutomationExerciseWebsite\uiTests\product-search.spec.ts","",""
"","8802","Validate Products Details for Winter Top","chromium","2026-09-25","passed","2026-09-25","","AutomationExerciseWebsite\uiTests\product-catalog.spec.ts","",""
"","9763","Valid Registration","chromium","2026-09-25","passed","2026-09-25","","AutomationExerciseWebsite\uiTests\authentication.spec.ts","",""
"","8415","Validate recommended Products","webkit","2026-09-25","passed","2026-09-25","","AutomationExerciseWebsite\uiTests\product-catalog.spec.ts","",""
"","9242","Validate submitting a review on product","chromium","2026-09-25","passed","2026-09-25","","AutomationExerciseWebsite\uiTests\product-catalog.spec.ts","",""
"","10339","Invalid Registration","webkit","2026-09-25","passed","2026-09-25","","AutomationExerciseWebsite\uiTests\authentication.spec.ts","",""
"","7957","Validate Features Products","chromium","2026-09-25","passed","2026-09-25","","AutomationExerciseWebsite\uiTests\product-catalog.spec.ts","",""
"","22140","Valid Registration","webkit","2026-09-25","passed","2026-09-25","","AutomationExerciseWebsite\uiTests\authentication.spec.ts","",""
"","8543","should return no products for an unknown search","webkit","2026-09-25","passed","2026-09-25","","AutomationExerciseWebsite\uiTests\product-search.spec.ts","",""
"","12913","should return matching products","webkit","2026-09-25","passed","2026-09-25","","AutomationExerciseWebsite\uiTests\product-search.spec.ts","",""
"","5515","Validate Brand Products","chromium","2026-09-25","passed","2026-09-25","","AutomationExerciseWebsite\uiTests\product-catalog.spec.ts","",""
"","7575","Validate recommended Products","chromium","2026-09-25","passed","2026-09-25","","AutomationExerciseWebsite\uiTests\product-catalog.spec.ts","",""
"","5568","Invalid Login","chromium","2026-09-25","passed","2026-09-25","","AutomationExerciseWebsite\uiTests\authentication.spec.ts","",""
"","10562","Validate Products Details for Winter Top","webkit","2026-09-25","passed","2026-09-25","","AutomationExerciseWebsite\uiTests\product-catalog.spec.ts","",""
"","12504","should submit the contact form successfully","webkit","2026-09-25","passed","2026-09-25","","AutomationExerciseWebsite\uiTests\communications.spec.ts","",""
"","8678","Valid Login and delete account","chromium","2026-09-25","passed","2026-09-25","","AutomationExerciseWebsite\uiTests\authentication.spec.ts","",""
"","7414","Validate Features Products","webkit","2026-09-25","passed","2026-09-25","","AutomationExerciseWebsite\uiTests\product-catalog.spec.ts","",""
"","7705","should return matching products","chromium","2026-09-25","passed","2026-09-25","","AutomationExerciseWebsite\uiTests\product-search.spec.ts","",""
"","34630","Full-Order-Cycle Validation","webkit","2026-09-25","passed","2026-09-25","","AutomationExerciseWebsite\uiTests\Full-order-cycle.spec.ts","",""
"","5503","Validate Sub-Categories Products","chromium","2026-09-25","passed","2026-09-25","","AutomationExerciseWebsite\uiTests\product-catalog.spec.ts","",""
"","4246","Validate Sub-Categories Products","webkit","2026-09-25","passed","2026-09-25","","AutomationExerciseWebsite\uiTests\product-catalog.spec.ts","",""
"","13431","Valid Login and delete account","webkit","2026-09-25","passed","2026-09-25","","AutomationExerciseWebsite\uiTests\authentication.spec.ts","",""
"","8808","should submit the contact form successfully","chromium","2026-09-25","passed","2026-09-25","","AutomationExerciseWebsite\uiTests\communications.spec.ts","",""
"","3700","Validate Brand Products","webkit","2026-09-25","passed","2026-09-25","","AutomationExerciseWebsite\uiTests\product-catalog.spec.ts","",""
"","7320","should submit the subscription successfully","chromium","2026-09-25","passed","2026-09-25","","AutomationExerciseWebsite\uiTests\communications.spec.ts","",""
"","5089","Invalid Registration","chromium","2026-09-25","passed","2026-09-25","","AutomationExerciseWebsite\uiTests\authentication.spec.ts","",""
"","9063","Validate Products Details for Fancy Green Top","chromium","2026-09-25","passed","2026-09-25","","AutomationExerciseWebsite\uiTests\product-catalog.spec.ts","",""
